distance_remaining,avg_speed,traffic_factor,actual_eta_minutes
187.8955193048339,96.05714451279329,1.5979909127171077,185.3241835919036
78.84126564776513,24.64668897345596,1.7992642186624028,345.973281406942
300.9563908598612,76.64580622368364,0.5308767414437037,123.910251687664
92.51885041686347,44.33937943676302,1.2871346474483567,160.09429446895356
216.54056430241576,43.298331215843355,1.4177793420835691,424.5737988214584
183.81455980355216,56.48559873736288,1.6777639420895203,326.10039108217194
100.63721729702151,61.13875507308893,1.3886218532930636,137.38858432378603
86.09153771995847,25.20412743882236,1.92332830588,393.14811811819317
482.8503845042051,84.67178784931689,0.9569206537600561,327.9989212502637
220.63609437606104,29.763058787582306,1.2427653651669053,551.4924221027494
18.15987203649398,92.74563216630257,0.8881699724000254,7.904141916237261
260.5139425677276,63.73682234746237,0.7772816832882905,192.80476699749283
484.82272925451474,82.01062586888916,1.9092484123462836,677.6522225917286
461.0152432765353,27.07940016415356,0.7939742936287177,812.7879537425931
23.568417166358493,46.02642646106115,1.083015934534223,34.82172600576461
179.01991002010104,42.47476077499046,1.3140441247373726,331.22467378262456
71.32118826240657,84.17575846032318,0.6118259655196563,32.2678476255569
364.77457685245264,81.70162773487566,0.6110669776011355,165.4699331472758
179.87439854359204,29.269524762010377,1.7946551388133902,658.7214899420389
32.7156167927258,44.878585737252976,0.9877749830401206,45.4034198727086
365.07348299069395,71.00459770841705,1.8308191138644898,562.71890189143
356.9091488242745,80.8628038893518,1.3419157963542443,355.22218735831393
385.71262279732593,59.50364770915126,1.284099244072991,498.627521293938
54.83782206965892,22.51433485493874,1.4546156168956705,212.4573763636171
157.863634557087,60.685655293176225,1.8613497108891395,289.45066049502543
378.0200181329813,38.3038532393298,0.6154698647431895,361.4535339622287
145.58597500397025,32.897702980320354,1.8945464785138597,504.05211519926627
435.8588345036711,84.29376615192916,0.7798550883290538,244.26076283632028
446.3869402464989,63.147379353252056,1.7111602327460937,725.1498602264453
55.915910339310706,38.234813003355335,1.1406616829393845,101.43483213991162
409.18936819532405,88.85844666050747,0.510428195796786,135.7196560560238
111.83179742489439,29.589229386694626,1.006422757105442,228.91610608246765
471.51194225234707,45.856234561660415,1.278185932615049,786.682687211958
485.91925927775935,96.99578359536889,0.8776734437380462,266.6204754219388
249.12700444030034,44.07026478534157,0.9272607415662014,314.71021332375045
251.83683259120187,24.118300099999146,0.9179696963549171,574.2464098361421
454.2246770973602,39.16495125335779,0.7173423081368346,499.85234791323285
121.78558048423871,73.77084379247029,1.6424294229930765,162.67082961661495
119.58113445220744,78.25730788894876,1.05167469907888,99.23114650187699
268.35156735330446,27.223181604352664,1.752953743383857,1039.5654908039328
161.0692524208962,34.92148083198834,0.5611627123321459,158.7091304841731
9.27732663500022,60.96744466394248,0.8397436627969069,9.414132523406632
322.94122241431546,33.94931432039932,1.5364066071536988,878.1407412795553
69.62295112885063,47.285308084020684,0.6702102818608836,58.88723639404138
462.4221155210028,90.18714827047847,0.8869124415727334,274.9389658031305
278.04520498813173,62.37204626848052,0.8627784363506775,231.82108965259593
47.45828113514371,91.77726063626613,1.8506270857449958,54.537787219329836
175.25557773171778,78.07645430961915,1.8456653899288655,250.95561716210693
443.65612570829353,82.3900436686099,1.4630474692314317,473.14802105458796
5.589328756698194,28.11772342928257,1.4952526536620838,19.52866201807264
3.5257303392631245,32.86464411339989,1.3231006840498791,10.61525660875551
112.91038542081934,76.97433770780287,0.8558736312452001,77.9768911904791
163.3744493814746,79.71931240944193,1.4744493485708219,182.150599295748
284.5859930644003,27.493981426247398,1.0515737045891502,654.9617778773618
133.335981473181,39.51917147032668,1.9595158321286683,398.43666546512765
315.9381743726342,83.58490428333187,1.2539556396577882,283.90646095324684
288.8750384285532,59.401415505509114,0.7928644816970667,229.42073616383928
13.133667249295465,71.63778367257342,0.7656660191105734,10.376733394739023
470.28883359210425,96.31428616020699,1.8722965853306728,548.2810629207287
483.3607547027911,97.08959816714022,1.7795141832010402,533.0395724960438
147.92999714272327,50.807818288154024,1.7767050072752855,308.526870675059
278.8438299667167,94.89238193286248,1.5440446950124596,271.20709437300565
285.4605238745931,27.77411950166148,1.4225108400487545,879.343065741231
370.643540259348,75.76125927962144,1.5537261259806638,456.1763594087306
180.38608445865782,43.487347541159465,1.7140417332177704,427.200945355855
456.7070357256792,60.90739190887503,1.2522744420307994,563.9165214362131
399.3492943044208,71.99711446222122,1.552950315886555,517.293315832384
169.65958326891638,50.04663621119552,0.6409729097613035,130.7273940015393
289.5617903570908,22.875381903739367,1.1983970271986903,906.5979458334689
295.8257970239364,22.440019995123954,0.5560222831238216,440.5156478634684
411.47767976916947,48.81525131290103,0.6905907689778272,352.3919568608279
108.69469272092475,69.83123806552001,0.628021197490652,58.909280859774086
26.78917886313524,62.50837052545184,1.3109526824151598,36.436928302332454
487.95018765180475,61.30402786409562,0.984434709411869,471.7947655999874
397.79791118958315,41.66658010096594,1.1584571310584542,662.0555713131517
87.47386571535205,32.514963413686885,0.875364347246893,144.62032363183062
275.0641056883541,77.16767381600499,1.4902960650765968,319.4841336042293
306.2486523709418,53.568004994223195,0.8715964842517362,302.27808708442285
178.63036664697952,80.62768883714952,0.5215902329446338,68.86009784896203
49.81924616484974,59.32927000934659,1.2102076561708486,64.717254204347
87.42773308509757,54.70813193903784,1.09775710159606,108.34406841416309
23.606700876250216,49.9690091701177,1.4387898735713547,43.429904431173824
252.06499303146376,88.51918729506578,1.4880404474284175,253.83345956962404
293.3020150554582,95.2184193139966,1.3632112668138183,252.06838992319067
194.69679317705445,71.46305747538825,1.1873793357372748,195.47030340067855
193.66521626258634,96.89524510591313,1.8580259629340956,222.9609280784807
98.69977625985892,25.548904070013236,0.65116700206614,149.96128937866865
160.1688395165869,87.59002487755636,0.5349079036037387,59.10378232093963
407.41977281187894,42.548381981872,0.6772472414324844,391.000722540887
438.8585347499994,78.80568350431086,1.7052213955772728,572.6743834780141
141.73525171308194,34.195163502377824,1.6259221274612874,400.78093128654285
388.4300674102564,47.264283220241424,1.896135988405347,932.5349300260713
429.3479631696629,54.319522190001464,1.626306601687246,770.4554162852733
451.37390043310376,60.42018979582857,1.7396861991616124,780.3112089423088
160.70475091427525,91.64185827969604,1.0838025181012447,113.49241181572172
475.08092155835163,96.04857175500449,1.360156832184929,402.43492677022977
316.28676887272985,55.87564175826558,0.9398161575470968,321.6023309242145
376.4348901894023,83.32632349806788,1.6844272141918308,454.18065001401413
46.51184542129649,59.553624376206514,0.5863381400249664,23.296044307226637
443.96438719639156,48.07320100416629,0.6756005246414087,377.89817643856566
72.3528493443651,80.92085053739778,1.4273270949743915,75.70538785653171
411.10816958588777,76.4993781725197,0.6220231709628496,200.97304613937592
43.33401932851077,98.93116628009403,1.0614061936341805,30.2038593597423
473.6770401145455,98.88008510582966,1.6300672778884124,467.56755377878585
188.75353317992696,26.6800573358935,1.6657203738911552,702.9946566489
453.27083816227326,28.895798584492105,1.2389376564362888,1169.2078061843956
6.665468738942115,57.4928513595301,0.584454913522756,6.607824633991207
292.10101378348264,96.97380387796335,1.062305869285556,193.5321044025617
143.5703310546485,89.48793025515683,0.835393757779179,80.555351173454
496.4894332635309,25.90372517883191,1.3307814266019813,1532.3698639468507
484.68196527393036,61.847827533611905,1.4440979572028938,678.15259574537
314.15148196194764,66.74514495384801,1.8517370157364834,526.6576800614581
23.677743790387478,42.477055167378424,1.925617226114838,64.18128903843606
310.44616630296684,42.19049463849061,0.782181739585642,347.2796751939121
232.3855040650511,48.268178242084225,1.375484167776308,393.5078942960872
407.0837148337674,74.77849380431034,0.743925409017337,243.71453748013187
455.55266506242737,85.80297943385352,1.924699869937886,614.6109952659738
209.70327510901882,94.61827866832107,1.7990958342506125,242.19437763827102
23.564116382988516,22.109357959780162,1.0646950503170745,68.67596626546195
191.06453745887973,97.59315182516826,1.7631783847035631,204.91873142664417
419.3260236508578,57.49545278359762,1.1222292535064977,490.8615056502377
432.49646575127156,85.03208073040621,1.999576509929196,610.1126770517869
498.3217816998788,64.4345364482102,1.6534811227707658,766.6323557864954
65.450548160596,96.32408218069779,1.40926195167632,54.25590064766673
115.0927599462279,73.73605475246853,1.4271923606868437,132.00434115739262
336.115024600807,61.62461607230347,1.658477587603459,542.135678571891
260.5615870548847,88.1745200254832,1.3278602581617283,237.48809678404712
202.33795023998613,30.72121827605126,0.5431740144700085,214.98131366038257
377.8134905811359,69.62476410827718,1.5561196521488354,505.78260048732983
8.257788168273082,48.04700470452776,1.3848765302819497,13.596419091126952
196.72977850476641,54.99799376189833,1.8562380417406226,398.79003598299056
392.0428533578304,51.72342258570161,1.4331300503418103,647.4114193320553
431.31949066462585,95.96164989261138,0.7206102213935569,194.30646788225846
129.8639497611802,56.7308604990609,1.9700488629282156,272.17392771019206
246.81642890244194,46.300128823000655,1.4501012814750887,463.56561239448615
65.31098123341397,30.243667116621793,0.7278540402684415,94.15712603776758
70.27475915205565,71.26997958425717,0.7728201265987172,47.21643985609167
237.5068584911733,73.40461908168217,0.7584798068024448,146.66615244330123
96.95222038552672,23.26948930131831,0.7534025946082468,186.7119090284803
45.26256434477075,29.650869688048065,1.1911681520490887,107.98227361405397
103.96052548449046,49.14158888384604,1.2551259062822853,159.1115220633437
399.9057890556123,70.23203115927262,0.6226385479233079,212.80495047355524
436.91573342928183,93.66979204254505,0.5916169397822957,167.27588437447054
374.3815855014455,34.76168154851018,0.8140239850050655,524.7791482915718
185.8655792928996,58.761838815281706,1.427382157295444,269.63828201525604
373.9879981287445,22.934656231247832,0.8786554165160312,855.2926679944862
356.96144335639167,91.61654701497595,1.2675161631734992,294.3694457989355
224.25877104490388,62.60938131640185,0.8637057554520945,185.7799570197366
135.3523722437411,50.18273304836981,0.5301067966665896,83.66540390352168
164.4211787367794,29.580970545540097,1.8357909211098424,610.9285834490603
297.2026343234703,74.32818553155917,1.6837568579110074,402.20404129443824
269.01616436745536,66.94728944167034,1.6181592112764949,390.13107137220425
216.39811356861003,30.2064242236451,0.9256638586980868,400.67751222597934
285.81837402978704,48.4877380718277,1.9797728731894695,697.5851069854319
303.2816348590867,38.97814333887956,0.6526737089306056,303.7836953540844
81.18000525651829,34.925361924104465,0.9276427530407707,128.11997666632217
87.51342405208266,91.74123397011401,0.6203506184924633,30.500220995961346
491.20692983739457,28.963112173444188,1.0967833985686124,1117.4391377004654
484.7657462044091,89.24057007151842,1.72560810642392,560.9749173024618
334.6529667422911,94.35007913020686,1.3351443395208946,283.07451476343795
286.23473204548003,42.39832749282273,1.6542393997879055,668.9455790353343
213.29278286959197,60.6088302947564,0.8636145986226204,180.34830652931237
58.30357554486257,68.8496033953306,0.9329458298603837,45.12423593704384
241.0889108255539,62.60715460412687,0.5777353052336404,134.02078077244803
168.96553481876637,30.75317415511794,0.5950624557091516,194.9612693405199
341.0698583897407,80.81822879117493,1.3934581109117663,354.3616131634393
236.31651808652902,52.947273131781486,1.023302399814493,274.3742623690123
91.43530001666441,25.3197013893422,1.6116809739350886,349.3879616358971
287.66208347677605,87.34630214066176,0.7096585649394342,139.04027790165514
82.66431548998655,33.14126383447943,1.7218620803470732,258.8672827492176
332.93341312740387,61.845233981529546,1.0382457261852538,334.81286574612267
408.483120296317,55.13079268561747,1.0654166441373614,475.53766926848897
231.87721304913362,44.110229933131365,1.6214140702643767,508.243281209706
449.8877120640097,50.711297709856915,1.315329291670983,700.1725240985238
453.3295833713089,69.93903967311937,0.675347061062546,262.97751967890366
168.11790171388597,31.141765813070982,1.691037783905444,548.8789211537963
310.41630520832825,62.67688735810572,1.8408388745764364,546.0463777376776
156.54931182997856,39.87913118515726,1.6159194388590155,381.4143423288706
17.732684933153912,65.59117478970532,1.6436880286110358,25.967376683954647
410.8073950313344,28.850538956416578,1.7696784376017773,1513.5821761064974
64.61684250365923,51.78298324482938,1.6959430486693305,126.1210491627961
361.4040316281401,77.60292292368595,1.461721449327946,407.3370750563882
347.2802737890829,63.417955467807694,0.8776985883604291,286.2628249933172
454.31683010548056,66.67134358128963,1.1012771251454598,449.2384428441026
231.54089601842222,95.78266716894522,0.7300271046741202,106.24522732445894
306.11566348188927,21.44881470566724,1.8081858634162273,1553.6636559220149
466.1270229593226,65.21065468713672,1.5449762358153385,663.0449258399296
77.11698241421641,66.10306881334506,1.4100725695742837,99.58513497046988
212.64120497989063,78.91553884997782,1.9015505221535223,307.24796770746985
57.50578487453687,98.78729591698676,1.758347129668901,62.975993833048555
63.20667792043015,93.66735060938979,1.8048445430931923,78.15186994518426
200.102349231195,24.380931105762507,1.0027958624688513,494.86450407415253
401.6238708504077,20.37056184036823,1.0002487575367163,1184.9524984968275
460.0079525899675,47.707679549276904,1.0204298028443415,585.7110581812933
369.01312280676444,56.17743527118457,0.8369072344099729,327.59307591014624
89.01710626660542,59.869421819158376,1.1283881742568218,100.36685406925467
457.50810463298194,48.99151192933065,1.3708825254170651,766.0862649453575
480.5740884172581,31.893018220249036,1.1219361855905357,1015.3747018505511
43.58948437124329,99.74994014767579,1.253292515496864,31.50526294076658
375.2302747291897,36.792447447646865,1.8470814341610706,1130.5537022106803
103.36468060052158,35.255017653093326,0.5548245017721423,102.74171786677091
33.788611074747834,82.04220933560084,1.1799332521220414,26.942713660032027
262.6707443944624,55.26101975505825,1.101144591312989,311.6874319185784
91.7821371171403,88.94284968108138,1.9191731932004492,119.23369562635921
187.28134882359672,41.6595738514843,1.4659993148585237,394.7017642332409
78.92014608572899,77.2777783077918,1.488385912865227,91.06191560881419
14.520900259238262,37.75777295463595,0.846612194882107,19.732920069410763
90.09378636511248,72.21968862814998,0.8572741715700898,63.90608544762041
50.621254986913236,39.453775279956325,1.5834003977834887,122.36443021380676
199.19458127960897,73.44681092565169,0.8074764431237315,131.9025832261474
147.2807174002456,91.70686548168958,0.5195028852661041,46.719566824915695
446.44318382741045,85.39548493907527,1.012726027546814,321.19813521260596
130.45229328221495,50.375392653381354,1.3854424137722117,216.77749481646265
205.29641444342897,64.16377446815842,1.154189793702975,218.74853434948014
147.9384140114169,95.87626455697253,1.6454086912396413,154.27695955819195
400.1277727177103,54.017080357538674,0.533703962480176,237.14058654145865
135.0700023330881,63.330737172869355,1.450217329739221,184.33323751072757
417.6301881628503,98.75217445628417,1.2885352734540287,326.12232421268794
86.66796363830345,41.784586121549516,0.5275860148212002,62.39871775683827
277.5348232553809,72.11363106814915,1.7446127055608025,403.96025114534615
104.004214608541,20.879666292678436,0.7053284451032109,214.04078929704264
332.8533005985815,34.02970228987597,1.8716179188874396,1101.5476631598867
209.9664919211445,50.65108225995979,1.2783765579242563,317.2631122055053
301.9729026237277,39.627928774505676,1.0839434210629648,495.9893183785674
145.05817464857924,48.45381731719593,1.5785688577763684,284.697503068491
238.54915069735074,73.09369322901185,1.9052446089871369,369.5711278024568
366.5534765079149,37.19523028726054,0.546774702591927,324.51814847617
26.661480928640923,59.70929977609891,1.3952642733753338,34.34256255816139
167.78770151766344,81.67297629966575,0.6598973797006578,81.70067013855352
248.25016678689303,75.07219171421889,1.1522410079056193,227.94545842810942
123.95461458631429,85.52818541393597,1.699123818453469,145.57519680499647
295.52510276767447,48.87791175520214,0.6373731099899512,233.07967031957838
458.73947415565914,30.945490473516912,1.9253560307312036,1709.8631251689778
271.4085727418007,89.83566687011266,1.5983373296143417,289.27817122742687
403.47401278286344,72.70266933685738,1.5384148467767786,511.35189653242276
245.2230568579271,37.69675534556818,1.9815020119949704,774.6639798897127
472.08561050362005,23.154144909480472,1.5583627587735327,1908.0273040840113
17.939043314313622,75.7936213797472,0.9460235110588262,13.702142507853361
462.2737014928887,97.68465961322943,1.9163997336701508,546.3975371785327
422.4301498690001,45.528037859460454,1.743373211226016,970.3884495384244
19.466809723030817,67.70159027856424,0.8450132559315546,12.493457906471852
362.658618992852,25.22850726391539,0.9729355067459156,841.7100141987479
270.20615489529325,83.25785318711709,0.9781287543981049,192.20146180215056
308.31573090296996,38.6367579802907,0.536601172334807,257.48604108614984
435.179338076564,21.701552868030973,1.812052509026299,2181.642610187276
399.59283465105904,99.834728842667,1.0260677231775652,246.5068698001759
383.82695617663234,52.15447308873937,1.2198134304558632,540.4672147143132
492.0576511304483,81.46187310916146,1.1266501732510006,408.94892996111855
211.257144136258,79.00658412711132,0.8581657186524535,137.0791756459667
144.33225683538677,43.7046496364792,0.8504116265748649,166.8967480205713
22.00450162854458,21.429914778673105,1.9815835846040473,118.21551586327254
340.14399406384183,37.46031102920513,1.924941775925338,1046.306961062874
393.38616219336046,27.15288018498076,1.1263711636773925,983.7395085001071
84.34993909994554,99.29349009095813,0.8475075520751651,41.86972718186587
471.4231552934277,71.97173191938947,1.4116051923182886,551.6307005485398
89.08748797074863,37.63889672561403,0.7796573932163817,110.8701702263477
390.0126523098099,48.01002073333841,0.5867640148450946,285.2502323507298
379.36099937634157,75.68164944430337,0.7308438595097826,217.4580506467762
408.1007293703183,37.95524574693285,0.8357264222339347,543.8664126746353
290.4630177110678,27.31894699182039,1.8161912939455704,1160.4922311971663
133.53442125176431,30.361193702624334,1.8331221198034657,484.8326053434258
275.87782793396053,26.958940792912813,1.1126798196060481,685.347676975268
186.97156998914468,40.7803027008261,1.5851301705328775,434.37322416653785
110.87141777295585,74.66070109276768,0.6141962892354502,54.708469773555734
425.7522501103356,59.611722161117946,1.220879865989972,525.5892465398233
174.55679474319433,74.24129220472508,1.3485979459936865,190.9364081525115
134.24710681454124,90.29039890841264,1.6961390324103922,153.17893061363196
433.7798062789414,76.66903813720279,1.755519992545508,596.7885968551935
349.03825937297256,74.41126174082403,1.4279170673227766,400.5744059960009
440.55450884026527,89.74748221961856,0.5438709245518387,161.1470918515109
413.0825585318166,30.309589397875616,1.0026782813887127,818.5374898331182
409.16554503541204,86.57073423661936,1.2612016006412543,358.6444312674084
4.186549986699957,42.96305065399302,1.4253903775636134,8.383145003377765
130.64198695101572,70.72045624796891,1.3099780695737833,145.3753595128063
390.1428521804207,28.558451106156674,1.641541853753042,1346.6024216467813
171.59421085330436,70.60975145071585,1.8980421582650262,276.85063924371445
52.15235426734895,94.9782789789161,1.53182858345122,50.09466806810195
354.3778722339955,25.388048117501736,1.37325569026441,1149.3021553730894
173.5956454195254,69.67324142139816,0.5686130507187692,85.73850247040886
13.268871312941954,21.76988412231978,0.9854153287243119,34.98537255475524
244.8329520119282,81.63259342462345,1.5249430649097577,271.0151028615788
498.56512557869786,54.094504178877834,1.1770805364945132,650.1048637416858
82.64828677464293,83.58476389999436,1.540523338672233,93.63951255468834
137.35650397210645,96.06908498003283,0.7265868376713503,64.95212444988773
216.73506572025835,95.4892736134079,1.1295909753891835,151.37761153959917
137.83338597198633,98.71821183678625,1.1140010094725645,96.64441030779328
447.15550263588807,38.39636847128689,0.819657056037625,572.8809558538965
184.8946455181568,89.14865998717096,1.2098148600373357,150.09082036696526
484.1285205294461,34.84204125624969,1.8029347519334162,1504.517033503253
422.54683083032694,80.88191927543991,1.4393304824471231,452.60984429361537
66.49119396351139,22.602094359300153,1.8812717717235303,334.55968321088517
241.27965340476248,29.38465511699156,0.6877786883038257,339.8270178663124
343.0970783272567,54.424471591957015,0.8007870900505051,301.4126431179063
291.403729555285,41.51947235480782,1.6963386509557823,714.3149067287196
155.8706175028633,56.4176119265441,0.517430809862151,85.42742234279956
240.48947852384464,68.0016438495443,0.9374938680639548,197.55188178108364
347.7959611771447,88.80979177513636,1.6697764833400246,392.3012994114974
53.36015903066926,39.363601269002196,1.9799938899007197,159.89933653338414
72.1052759078551,59.911052276108485,1.4272336014771787,104.11363844081923
5.875652862172646,46.11690465951935,1.276567465077067,13.321928481548365
44.84538307327185,48.050154496734464,0.5498046631870499,30.430056971232393
67.22516126748711,65.40326786092464,1.5341974537058987,93.15231742399367
400.4927628554324,36.012019539584806,0.7512238733886046,501.8165348440593
353.53138751696366,22.526891586051363,1.9043183693655348,1791.5566061159416
26.933670542084734,63.30370682408564,1.5635907791763746,40.70195086961584
401.0623134518261,47.15601540342448,1.7222376706197684,880.221655368202
40.9773083459529,91.58533248484221,1.3213885642306042,35.07720620201877
322.145269903066,62.11221287488905,1.5973842826329978,499.7250000712869
41.733361033264195,24.828166719245104,0.8706548510152197,85.74523137203174
395.0595550640971,72.69662204007008,1.2472935746797085,405.635880505421
278.126411917878,77.53614226178111,0.8426821119969481,179.1091739037911
340.43389297321437,25.775872718334067,0.545978753308709,433.788215616183
129.58376136709563,57.009836539145304,1.8024087581125707,247.67902890503132
213.3211738895896,47.674799403757035,1.056558144476904,285.40085972504613
493.8371323042929,23.2087353129986,1.8005472441836727,2295.606779780532
362.9035725471531,58.93351531397623,1.810134857122491,672.7954879942964
450.450230141618,53.73767414987643,0.9152416958525773,461.9158564629487
106.12043231382762,69.83732668507862,1.4473403301387808,132.31581804776656
366.8233981852252,30.525414810180784,1.573737447023133,1135.3421918107674
246.64665036756935,39.778485952254165,1.8061248519087671,671.3500524911913
223.20732224633008,61.18538831437522,1.0388500540996486,225.075446072354
196.14968678922858,97.552985786823,0.8872001490516913,107.67199155371841
328.7115956061048,46.01520513797559,1.660209688529901,708.4749585824521
37.674876917676315,33.58063240700326,1.2796609228340265,85.59605349598672
169.16458503921186,86.31066927060876,1.146331285492709,136.1029596777809
353.68183122583747,33.36335263207599,0.7514288244324765,475.16567669844017
19.299042039837943,78.91216120525124,1.4957067914327076,24.376744603903067
403.0294063220765,66.82834915174017,1.8024069207698878,652.0199096684931
103.71476380834736,28.95356955181823,0.9046244172754845,194.52441952190577
468.3662404551858,23.14748325348077,0.6831648710150402,828.0145069753103
226.64731511343422,94.7100014022324,0.9742341574651258,138.70689029350032
75.02325728008235,98.93040983670775,1.9476780446540682,88.63915100338761
3.4650504862703984,96.14494283385912,1.4586799067232505,2.887077683054274
258.28241826104585,59.10772642055362,1.5002963863191565,395.5215049382888
70.68597612340014,22.397887189814234,0.9618949123867864,180.26296041349656
337.04278422913376,97.59296368858163,0.6408510736841275,134.08144801291732
336.628456994338,55.50001754436569,1.802213381566258,656.9605054241791
419.219529534407,95.56913755792186,1.5248720424344686,399.50202592821597
249.09020724020522,69.42777921609711,1.8033574767180773,387.3029845924945
465.5433990579819,75.1621400825249,1.5147700786658698,563.0709729014684
108.62190104646086,72.71083761861257,1.0907966084812377,96.22846912436661
329.26480699691496,99.95309806165332,0.572318058290834,113.7128289137869
488.60991792643733,52.55263685782965,1.8061301755058887,1008.2345822280957
369.4861554164119,90.28124490410784,1.1062104824765495,274.50781693658945
164.18954762005612,73.40747084508678,1.7117689129118878,231.1644256371711
218.35607409165357,85.42673729400173,0.6803135830559126,105.60623346063153
272.7000598824639,20.460692839849727,0.9868787448504055,786.6309924097482
348.0381361382412,51.08464810162766,1.1730404339337959,476.22582216905437
119.5345213062894,49.860143330347206,0.8409044408947273,121.2982574468026
334.4381864789531,69.55922768076917,1.1952410657008585,343.4002507310684
190.51310430943568,89.06669196574602,1.278622677704327,163.18947233292326
171.282665985452,50.41564950286856,1.0982341713453507,223.82927928401332
290.5060122444388,62.68820373815028,1.411857639190167,393.924838580748
359.3434150370207,96.44189567639478,0.5273488740145424,119.04535073816422
98.6932148560895,20.605029998251368,1.4712120712319046,422.3000767809336
463.590237853357,24.821391223164866,1.9016540402082716,2131.820840345249
176.45972093257757,28.11366627593732,1.2288076387794884,461.02678597345806
154.337692498217,84.24207182661307,1.3087419150128818,141.89416151417853
156.34254187884582,68.82670266487347,1.5742260113347903,213.3483031209979
61.82116057513683,34.491947962774425,1.5216767809474743,160.467742466622
91.53773550011785,62.01307069336481,1.563569392583649,138.80040511078144
129.02482906698052,97.03415001900639,1.2253184700798871,95.88278058057686
403.1902823378039,64.01812337250094,0.5651187992822287,214.49320799422526
301.20429825301926,85.53510875414321,1.8263096950226116,386.14968632463183
114.8118062025173,36.96358719265813,1.4164714832764875,266.27914296175777
450.1115385756076,48.27371034421745,0.8553058384617231,477.8984242710427
390.48223210668704,41.984482843850884,1.7339214777705176,971.2330994914267
48.67212160349942,69.90874597412585,1.1776515181058436,47.53814164640275
293.71762312456156,33.441136619589074,1.6053106174162732,845.2702410497119
48.7615632045607,21.89108688370691,1.462957250664899,196.42797279652459
303.9399240083016,63.7357930171256,0.8479206441739631,245.53017061454872
248.88666257072552,99.02284161719098,0.7046596288350997,102.8960013004442
347.8771324697493,52.34550144834337,1.1422994223884222,457.4415910003305
495.63674085739194,30.27154315633002,0.6561644740762496,646.8119489284318
362.44506974724186,66.27095336051272,0.9112409998397089,296.82067455063117
178.1431566101367,25.55390741968747,1.2785896863624056,533.3809433525274
34.738669232515235,84.02852062578893,0.8505681228656495,23.160394220588618
325.7878071545499,62.636622924106824,0.9865006296730634,308.0783925817071
167.16795461604076,73.5589564158552,1.9912090418317514,272.89983685000516
365.5946046093838,57.21644898269745,0.5902135139011778,230.16949403627066
281.586111123077,96.61002276043041,0.7629544135364894,131.44412955347238
268.37801455206755,27.73411597173757,1.1755564043872777,683.7976053120337
378.3255011187278,47.80572193911857,1.4973675867308271,709.9253260870624
77.0555906518783,99.39868017267001,1.890501451886443,85.11869400545275
270.43860800999926,87.3626635501137,1.2814369659080633,236.50951483451533
377.87993982790715,30.217078690818788,1.7391014453787925,1305.3515786583248
391.23201574752255,76.69957581943811,0.5542405707871432,167.4842519350203
180.70806732828802,27.011419741107083,1.9054367345465941,763.0698782104383
277.3473181154758,44.44194485264188,1.0954722756114252,414.5000575756193
258.3240344205524,93.55135785715339,1.2454452243587455,204.0805029965963
496.08684939683303,88.11399661960766,0.8127657715360037,273.6778972223766
439.1091859020897,89.44453520859602,1.7088881001764318,505.69826828174644
395.2251877172236,44.37433112784326,0.6213789245768783,329.68723318383604
347.7805933623284,47.687978123022845,1.9634153012898723,858.4258900716987
320.8450665953207,85.79844509074887,0.6987870091127726,161.71746691678823
382.64009065059474,33.98709018083301,1.2538491146951636,846.3794455974042
199.93285085838423,31.70991937297993,1.051301633437297,398.7265221954014
216.81644128673585,44.945290646820766,1.2592127942603661,364.5751318315669
220.31633262782216,28.453174740939513,1.4612394720353095,679.9533378285466
325.4503451066785,32.16198825029185,0.5920244406660022,356.880240459298
390.60003144815147,56.78403390154561,0.5872456932582137,241.24173122420984
61.571084771792016,44.262011805407646,0.65156871651597,53.56038247413929
346.3885095053718,24.983343850405014,1.2641331922246846,1048.5469468303202
312.3240223095276,62.163317112932134,1.1391250758355573,345.2197941821451
66.22447799335954,90.92833721923733,1.1746769732319837,50.317880503483195
207.65074651193459,86.20303164534994,1.600421570842103,228.96908545312814
384.8831419270286,20.882501154291777,1.1242309972696423,1242.4517356476306
130.64679116377206,80.8231858497708,0.7056645585934986,68.40998212111012
268.11975559484324,37.216149761379,0.5181811619658399,222.00262063881465
274.4317849978728,56.350186764796874,1.7665356241094239,516.1318233080679
49.94320781133805,59.059290961742256,0.7250729970409764,39.12570681473613
238.5330465550145,50.07106281166155,1.0917144178550529,310.3226477766508
230.26393743458732,82.80132350696455,1.8381270334103517,308.9858144061566
219.36395890364057,40.37364976368409,1.7613073691388839,571.9457665165751
20.174748132200172,92.14095937083388,1.1922161969371012,18.48365677595916
447.66375261256167,70.93357457337659,1.4209003771400925,540.4694549534667
34.259368239784294,61.47264175561632,0.7252535012255625,24.428790700986863
340.4336618249683,23.333832048190743,0.6271880240687049,552.4734485902403
358.44537064327847,25.76674687989387,0.6068850916478878,504.9435966132635
148.97125506253997,47.97625837966797,1.6619802967717727,312.23488790699844
331.02393492413677,34.815645429397435,0.7611640030011265,434.78970122516614
382.42195844864625,41.20371426600032,0.5314174415463693,294.51737112300793
42.00366207073724,97.42880278760244,0.9431671662161304,25.611446889747537
191.58788018679505,36.45498097564441,0.6820796272391096,217.70105829697752
307.89147105139443,81.97070245102304,1.465856380311696,329.18888462190904
484.2759000195975,83.89713533236596,0.9392330550514472,325.36690772712075
490.00519435006646,68.15052717090578,1.3736339873108698,594.0808165783413
328.5828250584198,30.247659709296002,1.0074012589917476,657.7958419733486
464.11373652269884,37.969248947508156,1.05825053575627,772.6504169948475
306.8568516647682,95.4460670195766,0.8610390677487574,162.19744922011517
61.629186774158114,35.79763918879499,1.8303873503139043,186.39049685933728
408.15752254534,88.90959970907488,1.769771508035417,489.2956706817952
459.5443402861377,40.17928161386892,1.6325628931194174,1122.758649835093
364.516847903645,82.11579571997797,1.4842427565216072,395.03836896423184
89.53695596538373,63.60215351175506,1.9770046092867624,166.8008612896664
363.26397508266245,85.4228263885556,0.8202670494660078,209.1213134476316
253.42049378296267,87.256242240896,1.5992023171493759,283.2770251937872
254.6719129112237,43.803876105505644,1.3475329892885242,472.2172181538394
344.75376572299524,89.86583326886462,1.4544370309688721,333.53607756722164
231.31717973547515,20.746529586167462,0.8700182967824346,582.9817507590448
363.5043958413894,99.34479610794908,0.6487671493808238,145.00700507244048
102.81378167982052,64.4067959441829,1.5996069440445122,152.36333799642398
308.3767396798293,35.04197876923329,1.0330768530286092,546.033504153742
3.6095771579134555,80.8792608022475,0.5529670324103586,4.390330052256561
373.12115758288485,36.19844481321899,1.9371102201790702,1195.124364613241
75.2951371158899,44.44833723921719,1.8149761427423008,182.26071067476946
498.1708344759964,49.464762440547865,1.172915946431814,709.9402552350399
296.9291227592053,51.32205585422635,1.1189327612729356,389.0995932768837
348.11345510190665,20.257461088342296,1.429384006189761,1476.1243177860201
47.40232927174295,67.05618135587125,1.2214593348291856,50.66132453042835
321.5204374267085,25.18828755863747,1.369975681142197,1052.9607246679914
302.14034563163096,74.11743497810897,1.7074834995211545,421.4074781228372
135.64053934397896,86.00395281440497,1.2473835233951804,120.26994189830637
354.132786435717,83.08919717379251,1.275903584662414,324.9816402948272
220.65929997978978,31.796202136502714,0.9922891304139674,411.4907959213703
111.08536440289441,67.8580235250991,1.6034946713587848,157.22728437597857
499.1754081850819,94.64906650748462,1.4638477993027874,466.9401120787433
393.04015742203575,29.466895273870986,1.1148573345444324,890.0689556760325
420.061340532173,50.70663615464352,1.3578084068407799,672.3905511739185
181.7554853844919,46.76090309935457,0.5392950627980972,126.46881499481603
13.071690181786266,86.53576349406188,0.9096062149592186,4.452123515245118
470.39894331255493,40.7437407092619,1.1444852191084025,793.1465026136418
436.4923949918163,87.3546853433447,0.7791521267694159,233.21101771929335
242.00146717059226,30.6783977932755,0.620902270635687,296.6540919108523
364.24171417990885,59.716892188423984,1.1552760539227693,424.5950254420782
80.29517566700743,68.8180119582113,0.7030311234165283,50.77299108726345
375.9361679284938,72.55641250137117,1.9349219316251869,599.5713142274977
124.24242073692791,92.50036644168293,0.8743192997742592,68.67592030260869
136.70291333818687,80.7518609934371,1.17460976367581,118.25598724363869
32.2639485242219,92.51499626755287,0.7088680566763927,14.804723230427934
266.6779204553333,52.887648208056525,1.021014989388264,309.3929203645273
280.5239235474591,94.94579696264735,0.5783868189290357,102.70769357035947
209.97786621800654,40.81262327696409,1.5962314474710948,490.5286197746262
283.0997970312333,57.114598935066894,1.9580079944473057,583.4493258649705
304.6551090755368,47.960509766945506,0.6711436773319001,254.94111916334683
126.2323640088087,88.04928462729103,1.3418341824237874,114.34002824470336
262.17206477580885,29.181509749537398,1.7902095400241524,964.4232752780609
354.20971351765456,63.483057387411684,0.6225880186201673,208.73194955012926
229.69202012279956,58.775702970403756,0.7486618102449136,174.64684165597873
206.47100525066975,72.07787737207633,1.3181478041103583,230.57438902325387
32.07427983506092,61.000211901626535,1.7096054258492592,52.6407702192065
393.35282149263253,36.10910257087795,0.8879312523320582,580.2404926576387
83.18847036271565,46.4172051897198,1.6351272585329526,172.93530821381998
439.0372089978684,90.36654839612234,1.8058676375690104,526.6080712890534
120.1593094793881,56.099147534479044,1.9774844842113126,254.01350761562054
454.70088272491853,63.09614383621714,1.2467187620514353,537.5952565943818
53.63137627835866,72.54240837794353,1.7331547409003383,79.49933297828244
482.273850296505,36.30131673021513,1.284994446792112,1023.155848988873
144.2818410842032,83.42835352270714,1.3663900488217362,144.15922033625992
198.589265858565,93.20720547256346,1.2995433008692099,167.20357263754534
79.81945659483866,75.67192945350419,1.6898920256573815,108.61844637989658
453.16548412811744,42.15235899022471,1.975282209072833,1273.2791847719488
71.21505249633044,36.1612534721992,0.7763372588570392,92.32989513453232
76.90003732791416,55.22587346946792,1.422947037604703,120.40595573846086
42.64857840970226,90.5933094725871,1.7054053031623027,49.21377157612893
209.46272865827476,98.72882552291982,1.5018799982054407,191.19462012988998
317.7009653537168,33.2763916236628,1.822891637456966,1041.8477567895263
7.291152467903761,64.7804546910706,1.2910994331840144,8.208424869964631
359.9574575622101,91.22064424142417,0.6191098769645442,144.9700347105035
429.2303495254248,85.52508110893248,1.3111906324783167,396.0264045138193
355.41115651303244,45.14800905469987,1.206751848399222,569.6519042496642
179.54133439739545,59.53699578002399,1.7423738786558276,317.87285660868525
168.2688156380655,33.900927450859506,1.5680210304961713,465.84610902856656
174.62276437950115,56.02807831243301,1.6232395054449598,302.7277082936004
325.9226448559554,69.67428539827449,1.0285624199144816,288.47875234185557
489.5733640695621,70.73137106365894,0.6893971123467542,288.753605120216
338.41260347564156,46.00832123453592,1.529490795029146,674.2028409658082
418.6835214962271,42.34208707635283,1.4643228650880615,869.8123000078353
347.3811361814057,61.012380251604235,0.9579660150450969,329.31487068885673
469.21410440579285,89.69635858104417,1.6490971648029538,514.9658752365356
394.43522428339605,73.19879227807962,0.8904302863490046,288.4329894456063
280.65987485923955,28.879157537078484,1.1705833157096381,683.8742073717796
230.71877732976122,89.16508876181359,1.3199723302816828,205.4352286355523
56.24957606983152,53.80387426495557,0.5630370127571079,35.19092880439338
370.2121562626983,93.44612417593206,0.9200559943257341,217.832631694392
455.4743106603137,80.31695228774271,1.707360165262158,582.4435567320885
9.985271244626794,97.02482856592208,1.590006488105485,11.595418236013625
141.47907800905006,89.82030716529023,0.6688705856179056,62.16016324501205
352.13930275293706,63.25587813159282,0.6448017052931612,211.60249135449996
299.58038466458163,43.77902461668938,0.9498786672604771,389.40932424178396
371.8534061670701,23.851426878268278,1.8543424927879808,1735.4536602981211
297.01756348358475,91.38419985117218,0.7779952692930716,153.5170103320322
40.405611933223476,39.16081359276305,1.6918674180502853,104.905036694574
497.72332057946363,88.45568750700315,1.2821685335653843,431.9368937709728
32.75681373403453,86.50988115085678,1.398467762265816,32.30195197620114
414.814112859061,90.31831202258138,1.3576585280724833,375.4112591199136
259.2057295257656,54.43419282567922,0.9754198816866789,281.6344402034328
301.35979207655066,91.4018631963877,1.1650700215687815,229.77612852735862
303.93769978065825,70.5046042473591,1.3875457434594882,356.86471205803696
256.66952499534955,28.337984224667814,1.0767669914672189,586.7307332532685
244.34586724201094,72.17794076363779,1.9257965788793052,394.125124102507
253.62676368810617,70.72832251010651,0.6063983242006601,131.6923782273421
127.94139884008165,48.948247456411096,1.2087400325097704,189.12458840654847
98.85275865645808,68.86240568606146,0.9210248232739615,75.1927807425874
104.28929664077496,61.32581027567832,0.5082586987406312,54.02895935034722
286.4522730412811,61.01341807651331,0.9402332348121825,263.7033487909769
465.94510599697537,51.76120329897533,0.6306391501936572,338.84161805354046
173.26634825804436,60.592955097424706,1.8113337870277637,311.3092833066253
247.2797435897192,76.18070128253314,1.9892252584986054,386.6188808240172
197.89346172322556,53.74625428310651,1.1165316128983187,245.3580630685092
453.8978902757209,77.1226115573485,1.4118578211360555,500.4038952827911
477.5751952310095,85.69586260401812,0.5023476577872094,166.88750520782966
318.5642837215201,24.090830515368058,0.8864108305005828,703.5751561983393
343.60836683281076,29.159011045272408,1.0757583245674693,759.3714782979529
228.66201796881546,49.52424174087333,0.6815375007277895,191.84941140472827
36.43282460209448,26.414401126552278,1.0321569377539763,84.43605866201776
470.9211300978436,73.48581173783313,1.5180049350088471,586.0246939593351
6.055460829843946,70.88768371276338,1.869930421364355,6.116172098811381
306.6741607040648,89.89588747730761,1.5859595831991407,324.7407784175878
71.92642477293538,20.936528858472325,1.1330513901914585,232.06300221001084
148.22531311942396,58.88003950380824,1.3657998301018262,202.37806565866944
364.85757028717455,72.18333188735517,1.7684065444848602,537.7801222939437
346.5539205079434,54.394486191211854,1.5094499335916485,575.1257007833866
394.70359480047586,55.71356131212657,1.6975705107775287,719.3987138743681
411.38876446047095,88.6049870129027,1.874952853761811,518.680430011985
291.5171745504628,49.69379387501021,1.4016112502003495,491.9473643622812
353.0873454592685,75.07240147937095,1.061829330530182,299.1390261635434
72.15447789687246,91.20776281470467,1.0188161911067861,45.930221981083655
78.07541386443857,22.035820792460072,1.4687335794297263,309.40804847911056
36.78423253497785,52.770311591618565,0.9668262425950904,42.862961794892186
338.8831992277697,68.46233995621523,1.04689059229631,314.7043422588082
71.13593082160203,58.84717597275183,0.5413050798041983,38.336391065100834
253.22210383731453,97.12139256941619,1.0763100694787004,166.17783937565767
12.65269606776477,80.49708911601414,1.187784513322836,10.478280351403747
145.3331412143546,92.00665464131846,0.6742084403007884,63.711660183621134
444.31343248203194,68.23543011835693,1.7400610396122311,680.2800091142259
492.0225684420217,43.07243502549966,1.9417032281113895,1327.7418414066956
170.85316502299833,63.312608587806814,0.7312175647677306,115.42171657361372
277.30203119364757,63.33638499280032,1.642852718907305,431.13011039907093
151.86429142639537,40.746791785367556,0.7919357550573078,179.54927961592918
29.766143517313417,47.395838306777065,0.9053715381961749,34.23841538832844
174.29124247622326,66.43740807949568,0.7087950520185433,112.55466155262437
222.57783085189925,70.0987457136851,1.233346747688677,235.5513889170752
285.1193032299591,69.65283838596673,0.8019681617336498,198.76715876225327
198.173733888895,23.156762631271945,1.21331905623024,619.9602396836474
482.05039473559134,92.75636887497936,1.5832148531838588,494.15534380535115
267.15992775391595,89.5975327718148,0.6959785157351943,123.79166812931643
397.31112061215333,42.06140546010856,1.8156358715272833,1029.5876585512206
472.0770048188735,31.90367755240925,1.1940134075980904,1060.0381957059433
431.91021373475803,67.09852177050558,1.0629948618794027,411.32809739509224
143.60599420740922,36.257847286886985,1.6426972870665457,390.8535565556256
246.6704145205898,66.1823223386505,1.7983657184368282,397.325560429084
490.3889324481313,52.606736685905354,1.7412783831594547,974.7392434456582
478.06752466235463,36.037961242272225,0.6638963154644322,531.4054101460043
427.12702151075564,55.13198533069986,1.7704532813105907,822.7092178010882
255.70581201311188,70.12740088745682,1.88957391009513,415.40477078421003
10.53893112045225,58.14747746542537,1.531583063645841,18.559413742288285
68.0831295746528,43.9516470697345,1.0380732881255201,98.68371719919111
402.414166632073,42.30078979316424,0.8160574458008047,464.7258592615732
8.143323555862928,79.0295614849224,1.7512168955010137,12.540113818810578
370.49758984480604,31.428022984067088,1.6301418833854537,1154.435819316793
383.29185046499754,87.67371517421857,1.4204061713561877,374.9487148404607
45.213752270869854,59.01022477337687,0.6164740020074075,25.060083536928705
33.93891222598055,47.905642717558344,0.6664971481869723,25.065810735743504
404.3093697946019,95.81504207715766,0.6084747128869079,154.1147068891131
150.48327329898308,26.14896602209308,1.2509364021056268,433.15399812576567
397.4632567008836,76.56691818133585,0.5753390171959607,178.87433827465796
148.3499565299237,38.59074584448383,0.9215067483630703,211.1273865631932
401.9378889051454,94.33824429054832,1.1076540417913496,282.59972361816
238.742056185552,38.08231982527998,1.460714063263766,550.7089003584388
489.51157647222965,68.2794476834703,1.0367211261703233,444.24065228781683
444.4408810524339,60.24671606238691,1.1740246130594632,520.3178501044689
293.34652943830605,69.9827090231522,0.6076637093397695,150.6179357726557
357.26236362078834,85.80278355073574,1.7059377613287805,427.75148753128093
276.6979827365367,61.613591384860094,0.7143139420091176,190.99540778313107
248.85101598615532,42.74192743420134,0.7007425444995397,246.57061016838992
315.14929074897657,24.346562785832305,1.6229678511893,1259.2388975996123
138.80860935262885,76.5581189964573,0.5940344324327989,64.65389229867846
419.82990768564514,20.30559381268665,0.8702358038028534,1077.840843307324
51.84430164494075,48.81871350403423,0.9055899295767883,59.954061307458204
421.5132391781169,45.06783340681145,1.683398707664011,944.3565875314616
455.06162878334163,50.18544431705543,1.9461176247351624,1060.6871322379766
45.55547273826089,74.96154132025941,1.240721060685393,48.37806330801593
352.2246887255313,20.349061572024727,0.750429633120798,776.7011542525386
356.80997926652503,73.31083308625651,1.9490712576930158,567.0668324143766
53.57709620317738,82.54590906759485,1.4662238322138739,59.21684201928787
25.044820184254817,48.80403727207827,1.9351997232264293,53.92027198993591
229.3921029744877,36.7106179204131,1.0530607562971928,394.84678398768557
185.53681473760113,24.188401614997794,1.6513514427768774,762.4704079751982
425.3236525588278,36.95952437589264,1.486030223255193,1025.4181537043312
236.66862027732788,90.4125390337188,0.8236110187646812,131.29753545570065
148.35543730834456,30.92807229209381,1.4774596407159148,428.42823659595524
369.56013160803303,45.250187501068,1.4672489060334706,722.080908203761
100.4084221721325,91.21720021089395,0.9311143946983695,59.973302104445374
184.5252078903203,24.647356166427983,0.6672683184819146,296.24706887929773
417.904632645355,21.175471092396307,1.0686410730079043,1265.636250896142
169.33542783777725,21.54621047340808,0.6865525985007653,323.3081285810535
202.74058388017968,62.475014272967506,1.3926975123585223,265.89284380836796
5.9519867427899795,57.127612756280314,1.9452488613313825,16.196060204072573
156.62006510052473,81.91931025222101,1.6593822228141726,190.7852265500834
261.1267277794153,98.08110586233708,0.68832532214398,109.4785937145327
133.52583364634444,21.404189069330315,0.939962916170847,352.210922486241
386.7977950854171,61.436842217006316,1.0221433897524321,388.0936768258538
487.1230274643622,87.76486615871195,0.5353924469682937,175.59304924710045
449.38174173274484,82.65587306389008,1.6705641853564706,540.4023368862659
152.15494868776312,25.255588716349262,0.8423530452405487,302.61809008419993
124.05521385403429,58.72616557681613,1.621166609895041,204.0864683255656
478.9371106931137,95.41794552752899,1.6777843147226126,505.20196639373097
495.67262288054604,63.55858662402103,1.944152525379809,909.2971139236033
113.46525273537615,35.666646730741604,0.7112044233390141,134.45198773133686
311.58440714143234,82.5057484597844,1.367447599130541,310.5028062315126
318.34139887470053,51.05325649015964,1.5111954433040944,564.6422809408932
130.69258464217359,47.61537667953684,1.8762287646979854,308.4614373115509
445.1804275606113,76.6177080214022,0.5933048392470541,203.16930043674222
74.5042190952062,20.627327261753344,1.4463826853437451,311.2747979243489
479.00912640732844,62.37277791564959,0.8628399411693337,397.2735410953948
250.80118200619907,74.36962661880862,0.6143588269603467,125.9934185747187
230.37277033092795,63.72617136258359,1.1492240033142038,248.03429221731002
22.906071378859554,33.259982385612474,1.1683124581128363,49.172565463862355
121.74658802820564,96.85015804105598,0.7953885566801426,60.73331969671559
475.7634753705543,99.58554351727608,1.5675842086190732,449.43783619842355
130.51134980486907,54.95967085324967,1.3903414030681789,198.76021602109404
37.46769945148048,69.7874611693797,1.9717667551434417,64.61389608592418
454.04149809603007,95.49612742561766,1.9402034066081708,552.325824189139
261.2083597220145,98.1846326393203,1.6359653107016583,260.9675107210158
359.44725651063,39.787225265526665,1.460922775323331,789.4127822633229
333.633639044263,33.01597950468527,1.3476279686791344,817.0716845317338
7.039455271277605,20.723077526343374,1.0355440159550182,24.23044621136185
463.1708401474592,38.2941423682887,1.4515455333075307,1052.0025017259843
424.1730027111405,78.30891538159575,0.6430989159698159,206.838622536259
214.92230847223038,22.333581091621156,1.2213352199045135,703.6027201532096
145.15358451567366,51.826930040172556,1.8792965369840746,316.48287316997323
496.63425269605904,23.592903919649267,1.641511885243088,2070.5564157944336
377.3782217001643,93.4741145716327,1.9263928917538227,463.4330789924742
288.9841704331221,48.569692744040225,1.681323628788169,601.034064017896
179.9306523009117,72.5304858966301,0.8605983693402603,124.9369955996209
96.60487992167806,93.45912693403497,0.6527055244243054,37.42795951331429
20.426051699508058,22.881505463314113,0.762832658158741,40.92345745447644
433.5184068984941,42.598299518162136,1.9256887558629436,1172.7714017368216
290.46432850005783,61.33587081810142,1.6381643806359878,469.4317381879882
141.96553692045327,48.24403132802419,1.841141453799876,327.8927410171783
238.6915309172483,59.80318817168818,0.807020163585926,192.45199845631993
295.97402132599973,34.89087182026783,0.9973470486007907,506.88824325267467
36.507984301542976,25.520607409025303,1.9111767807546618,164.92745777090602
253.95329854295548,52.752965745361465,1.7163178715118776,494.78513743590173
347.1154106794238,81.68982526815093,1.4819760302989318,379.7471252997698
76.64594232524959,90.07064668136456,1.3086418291040132,65.66986546970098
19.747974109054784,30.229344097793405,1.6483201257737914,61.27482991706411
1.0058057429277043,53.32526627858337,1.2837652716283827,0.0
152.66731361525865,38.43333296938799,0.5022107331294672,117.6484013442294
364.9430522499102,97.34763998394283,0.8364402249275675,190.57678042968988
424.36426416617184,53.81033576108873,0.9543963584606439,453.2402722101632
163.32227187749254,77.00970664788102,1.725169199758454,218.60391914695637
451.06815817782586,84.53548157557914,1.9772876041437137,630.7589926337241
377.3698815813583,51.45561608223378,1.3859567509919566,608.6704957434474
272.70398259282865,76.74566627780877,0.7509819560015906,160.56712162237116
390.535226995353,66.70182244112894,1.928332678546392,674.2395007356149
357.49765787154985,80.72042260175448,0.6537739460997116,175.31339513969456
257.4133776391771,60.71124444728447,1.0539211553233117,270.27903164480176
231.39635576274642,93.67956168772606,1.5418931408799281,230.50736925085187
364.7615497662524,88.93527230298761,0.9111073840132865,223.1385211379466
173.32563417019904,46.848836341587415,1.9677882025837108,437.89107485283967
428.4120746502155,76.09358892722078,1.5905851424230852,538.573367038978
248.6331176882984,50.441416789591564,0.7445530053973866,220.37657449774258
393.3166204782679,78.75551456604731,1.0765325577862024,322.4611356633391
118.25172909298043,76.38968080347054,1.7256922130233776,161.19256515415154
273.6687277228458,97.36282202049169,0.5775030824869416,101.03365157560197
431.4575951034403,34.340448952623206,1.700005222645522,1281.6242685089699
276.8008307835541,51.724294559197055,0.6975725428686403,221.74788399737602
435.83560306123627,73.81623953671183,1.6950220957870585,598.454226866301
125.98348149745699,69.98992796855991,1.357618974715623,146.7642180938956
144.5287317927954,44.5421279617713,1.029437755178535,199.13747842612463
311.02493207575543,46.72399725350154,1.5990485758854205,637.2872418314031
392.0961613995695,42.86066596741648,1.149150319398894,630.4534379265287
343.0364977277289,46.59649257189696,0.5848784842200734,259.4294556754316
321.22546425198055,73.71833189337656,1.4484232304564597,378.3807304337145
100.29707734075896,53.46670912818241,1.6264096975449773,182.4683389685131
138.88323512446095,54.56151420756048,1.9705531114132775,299.8997866388131
34.68377079522715,61.496079550447604,0.7690470230183157,29.051733648725353
352.5726595856952,53.818290951514584,1.0197862519290775,399.6207352837867
199.40857689788243,41.142101052691146,0.8079994080601998,231.47901296410052
144.4433707837278,72.54048507796456,1.9528059975498384,233.05077727603117
302.21496307912815,26.158357365197304,0.6133754207811004,425.0233018128932
46.94142605515524,67.92356697203053,1.435473167435399,59.89401676130868
324.6039052392254,41.392162228603304,0.5226660263217126,248.3096184058683
305.39370112266334,45.03259153709186,0.9066443806460986,370.9381428303048
299.2364730686489,89.28765068893532,1.9201005933850934,385.66890071531105
294.2053496835915,76.0911675533979,1.520167828170459,353.21594326276755
204.66769374248236,21.231591335304678,1.3743890852063947,794.2735858269733
478.83292652682485,51.922825411394776,1.75970240999664,970.4327092782347
95.08176226887632,73.7968398420023,1.9655104316584153,150.21609463071982
374.44379048843945,93.16389310788472,1.1510314590631383,277.29129067184414
130.09710943556505,54.75226552052878,1.5851717267750014,226.02364407751392
307.03255075880213,71.01505975167484,0.8630331199713158,223.70513717485798
357.31230896568525,27.311318906542112,0.7989055047002012,627.840267109426
7.859031451661281,39.87010082958402,0.8216097244897469,10.853024699344004
136.1323576904493,39.80478162239091,0.5937894436142686,125.25562618927592
303.75913063400077,73.82973348784638,0.6217237678043588,152.876615994779
475.7938643782168,87.07934670744199,1.7076354777434941,557.0213324681498
308.77502031841806,79.43051949343513,1.6068760900310382,375.20389501839753
261.2030630592732,25.476697546686246,1.0566694076451917,650.3258667303227
269.627639684601,41.508281150575485,1.0526733798748684,411.80745958804835
447.77769848743145,73.31704380214686,1.6810805401284994,620.3062741641428
124.94342076286055,76.4368664226789,1.141402000555006,110.4426849653323
221.83021189255805,71.94578596615054,1.90442093220339,351.3555962487037
11.93475105872947,44.083686226745044,1.2539468639451958,16.821810198678687
29.03186259637207,59.28765835065321,1.890665943287641,56.053172958508696
205.42585563462032,72.41389716194703,0.8903548969778441,150.79481973298326
80.58663900813778,32.83700914169812,0.6057379184647169,90.2793717873087
440.9636153099105,85.13005484729294,1.5277014648117262,472.72105430542626
56.10549984214023,43.13499570367598,0.9647103129837035,75.48688004739577
268.2413536249566,48.550878013688816,1.030683738104654,338.34928541452115
414.44924335513457,83.14342786557485,0.9616937475211185,285.3371267051325
253.31144255755746,95.28966500269388,1.8144791497134674,286.6823932283987
52.18141332921131,51.4184594617133,1.3300567846246578,78.18619255055555
429.5495688129092,74.15526263974698,1.7568625622777054,610.6336536181162
429.5233753953866,79.86846829325918,1.158815901874576,371.7126183180696
337.14906331997895,34.340260459142456,1.5409243857652353,908.4360477310285
115.56948221623036,29.404104012017598,0.7479267352144361,176.6026613283479
81.52003772663646,26.68434700085518,0.5286934496559306,100.39802404764873
83.70834030564514,91.26844279865173,0.8623052625525227,45.89332724646766
111.95829106933697,61.53796566241641,1.4116290246434788,153.5179395645446
123.43080476893932,24.618572738009377,1.086549303691098,325.3857275973058
479.97153855401416,69.30403887405792,1.335317664758144,553.4749904134898
208.47177665813763,54.31554667441154,1.3113575057571212,304.1638749748893
86.67525994501933,60.009020166130156,1.117937142551153,98.99336513379866
435.3929561684227,70.5135136974701,1.2987560996239726,481.6618753033565
59.484748934436475,46.976526045260165,0.7142629472214979,52.433017455214234
346.3447498651601,36.50016910689221,1.087789059782039,619.04807418092
254.39472691543077,53.54173289328176,0.5271860615685946,150.64377505149963
396.5862986728336,25.52367250516798,1.2113825314654303,1133.4034700760985
344.6271830246299,40.2617906818172,0.5149681649876741,266.39405411054906
361.99838751510106,62.85252794780629,1.7541765548108732,606.9124248850322
243.06223532979052,46.69027166694925,1.687337303887055,527.717503586975
226.19576240159822,34.67537571227476,1.7824610293422114,697.4649062539519
38.77416392758395,51.0260871933545,1.7053064891939052,79.79739285002448
450.9852402445681,36.27781939980767,0.6004604180379073,447.3235622461633
271.3387211695141,97.44526496406071,0.5998470918713343,102.09872528929436
324.5106857185957,25.928433805989364,1.0632033926997506,797.810062337855
498.59399459757225,64.72474279572818,0.9817432289539303,456.45200736566375
110.83555162647181,48.04164274289295,1.0587999106393262,146.19014399445686
232.65502134987324,77.81902017910437,1.485094227082412,265.1633780051624
354.67406195934797,20.669094550148568,0.8265010993708041,850.5293881465301
3.6514243585046273,84.35957139454578,1.659214359935506,8.529322736882921
274.66116233378773,25.31706606210177,1.649772574298877,1076.6817361565047
376.1217492055244,84.24016575662696,1.2770120996069372,342.9312044933387
71.02193457856399,73.6925978703751,1.430710677577956,81.29037328923357
98.29262475024431,91.23276137754628,1.624966697678106,106.10035084510751
454.20601586146114,80.69722569311367,1.3957329589854528,472.9229772770213
289.8245705014583,70.59130594627099,0.7347150740054009,181.61101794589507
237.48668883793525,77.31176895664791,0.9064140474745481,165.79901454214593
121.50881336842389,37.19301096291167,1.1372762643021304,220.91140005351787
454.0114184278835,60.564771739097466,0.7818805712229846,352.11699497442834
192.01658345375753,85.74647572682875,1.4892661529611553,199.14083785770805
398.3244838201429,41.7556831534759,1.5385383836915871,880.8013111551699
318.5507664851538,45.96094401402737,0.9042677934384089,375.93779334175446
96.27236595075011,75.57127671149823,0.828073419496891,60.24249583468549
331.32250345214044,85.19517828324314,1.6670378647169797,390.2205511946901
380.6648141344601,35.01779245538017,0.632577420476778,410.6913507400894
216.7407669752703,22.491927423471285,0.8893646739125738,517.0848448765557
17.80452553335755,90.33486180809982,0.8650950248277958,9.15426592718401
333.7568482615234,45.84218766032751,1.8468787804364988,806.9126598677223
444.17097627808386,46.023249468939824,1.8514413435357018,1071.1587640583264
288.7744970300204,25.38047311738943,0.6423769052325046,439.82024885255527
499.447413404612,46.13113995407288,1.6222758680732696,1054.5695850910897
498.8165204036761,39.319718820549426,0.5605262402895496,427.2872209663835
206.1845674792984,30.406453586315756,0.5336388337430826,219.54421120611332
283.5241649213104,45.022239136828325,1.4815130082390795,558.5878675734369
116.77707197409654,21.150515685766802,1.646530079654641,548.1230648729396
20.43007032714514,86.96957022645218,1.4292893000544549,21.404808633395966
282.1342800056074,69.96912384916253,1.7966498703025462,437.942355352182
495.34889937581715,80.53841336548544,1.1634407081767029,432.85181165972347
353.99110301643094,51.138437735343075,0.8433131937252485,351.6628415027277
464.6406204877159,47.352422248439225,1.2915161993325426,760.6902605288324
106.60631338636074,99.65048875991067,1.9716768618019036,128.79517147586145
357.8349804805663,67.45265752315746,0.5800219954833465,185.7189268149022
227.9274069337779,73.98290417339284,1.516297420825527,281.4022059245425
84.51115908615373,60.02875569724485,1.5363259648262342,129.45375008704372
348.8707671400128,71.89111654150524,0.9129323201777902,266.6230195565781
300.0517559535794,34.348480823139276,1.557708718355845,814.3995596248506
228.13082387509456,73.42084732825224,1.756050619655226,328.42669572143694
350.1201452414387,87.0523979990914,1.7042164022367507,413.917833897614
480.4991533174835,62.874806308169454,1.232743448989858,563.0427874711685
286.7310092081292,42.1610019460783,1.881961268319463,767.3120538461484
292.0122113342717,67.42721444064881,1.032386991315515,266.64738275832025
303.81663081452945,90.4778404511726,1.8243722247780831,367.26687836503885
329.86365965598395,36.89854651783448,1.794495247038308,962.2070400657952
368.97561679956794,42.92156391416984,1.7039604685293945,879.310462606391
498.62171205189776,22.402080426351425,1.8460487986863978,2465.9197984178204
233.03974924568737,87.7910344457099,0.5935911028974159,94.69017799747589
168.30424598906956,25.361323020096798,1.9630147002186058,782.3102836506201
469.0446504855132,26.80827888958283,1.07839638877,1132.691195635936
36.446409632957064,36.86344812400229,0.8440486655565085,46.6101977536733
51.38807530206279,33.399287127528616,0.7209133453281364,66.08992797971698
486.5653221582368,80.7434005534779,1.951642197904343,702.2394340818082
399.34830540738415,46.10031344329174,0.9490750605580225,492.36149250488114
117.02049011170776,30.37431825793883,0.884694591525149,207.2416569319362
32.21985626750634,36.840555173227436,1.7135354604375146,87.63985915093164
74.3140398683016,47.41161172180172,1.7969883827872102,165.16223152719644
282.1407738774432,84.30439123867801,0.7057227322291147,141.40995983286177
290.7688431925882,60.44070083118911,0.7161181790197994,203.8538338784636
244.42932495346224,26.58178594216495,1.1893760858204345,657.7678291101699
153.92527055336734,85.79049689482835,0.5854680904960524,60.65507382484031
362.77803207326025,65.94300600721688,1.5008185057912715,490.751141467665
388.7475935402263,88.9762378926551,0.9708132450837057,256.9435055510175
494.7361143515632,91.16154488350105,1.0572008939365651,344.5210758569319
98.38809209210656,59.151402992527096,1.6124621777540633,154.27354621946768
419.27698011981846,48.91230232537491,1.7896920122174684,917.5381395458845
203.99559567491005,46.25864845426715,1.1809848667995486,311.4977470156019
99.01318872013667,96.11558605304735,0.7632374410720361,47.86469851922526
284.2959316475962,66.34515733295503,1.2344366930753672,314.9148753930732
276.7784716205974,49.77386041975177,1.4925008894437837,499.2841664843102
71.47054814320158,65.67019334715809,0.7779055330749856,48.97956661911563
92.23605215453973,86.05687612485336,0.9285613514913356,58.284016277839406
463.63476715036023,97.59412202761527,1.356890704905646,386.06610819087183
399.0683994107588,49.39125829576564,0.6305258274541832,303.67688894719396
278.83567055316576,87.60966811968278,1.6938895807152536,324.50898089208323
111.0316274543879,37.45660276417378,1.8111076599577778,320.1614683304571
125.58480741737485,41.0597877214409,0.5009800861419493,92.52974843603043
314.03713861024835,80.02126111510738,0.7280728511367377,172.18630859409038
229.70347369920015,48.09755098790247,0.6406647893855247,185.2388261192342
20.989500406296546,43.31687307950351,0.8113114043085552,23.532940462016107
119.83518017918246,92.67476415035003,1.2021035813514351,96.4464567642102
78.09160979845798,58.981228328004065,1.1449778211815895,90.54604077335192
298.8584345827814,99.96461626003509,1.6541733411230706,299.0665095376928
86.18347329292762,22.43709490471681,0.8066725586964096,185.18067681479667
170.86536650101556,60.84646059676479,1.4226937108117998,239.74992915732543
251.13654666823896,24.01944078583857,0.5523673289843357,348.2918322289932
276.02882099626964,55.05428905986756,1.758770592470448,525.9766262540261
25.757572296079886,77.96786294781032,0.6673894999358712,12.62578901357423
304.55143050387807,42.48398001335113,0.760244075532533,329.43644033542245
196.65469487538178,80.06157193688446,0.6882294451987261,100.45528240663891
386.6129384128745,38.95466599253189,1.5160896948333091,904.2888264421262
194.2739364696817,25.293215106755234,0.5287332283268793,243.8956596462029
413.6024219254038,61.978851012914575,1.6628660777524238,664.4011142958717
16.02183223344815,96.91938596592897,1.5018018600512202,12.486467680518825
466.6693387918938,41.23971259432579,1.4171954168384913,959.876027943413
424.2065082727994,95.77291703201982,1.8272826765440064,487.9082063232464
369.7944209937469,42.19717437799632,0.9224240631584476,487.00163630874164
311.7220809339489,99.20870768694927,0.9678191536455878,184.53489285171864
170.64596003283083,26.315152235724444,1.1641972048156062,451.3280681694009
417.4513233375582,94.83876108219965,0.7785996080077784,203.12673486958928
186.88195684517947,94.29044496923153,0.592712691033834,68.2939483190999
484.07011434391603,55.73716218068163,1.2522769405252496,653.1486733913249
124.08264928689783,57.67682019477868,1.4928704489555173,194.35012164976843
289.36766523435006,92.34878199950857,1.726111770959164,326.15016474277246
378.7670092346141,24.448441734436848,0.510316943329474,475.6354126740583
206.18754695239036,52.19250074394494,1.8268803323444205,430.7928618079008
447.8858612177875,92.73402112428685,0.970817114772541,279.12175338459167
96.11430670415044,34.77059658778954,1.0131614312953912,169.8852795388561
215.54885227013105,86.47593368440548,0.6798366402090681,102.13177680918545
144.68472599532024,59.42556676262597,0.949913104665534,142.19178706110463
298.4448956639147,54.707513828419536,0.746608293618318,244.62319778672153
451.3041036097656,47.51661492461484,1.5995001608339348,909.4882421491614
329.6720161149437,94.52439314475848,1.7314715259487112,366.1492515909541
449.2948468254334,51.96150276695478,0.990192058786666,515.3326226027679
6.394730733962973,86.12408593531714,1.7014710506050474,7.934511670499488
232.5268673852768,29.496727640728917,1.9708523405910854,930.3663227175289
108.13324784421437,25.37873440724489,1.3922710692528644,356.77647184173685
52.529239428649156,33.80191015570897,1.3519614459741207,130.2209873241735
148.8824491431309,95.06525829210528,1.7281103442260761,162.252483342876
174.41187886156357,24.02796215754826,0.579147886789404,253.1331160669099
346.3136167173807,56.63431955472223,0.8397824390541586,305.27864111292405
289.2382454178669,48.73669975861523,1.7353283399177286,619.2267543392068
410.52738422262286,58.188031849792104,1.0262286640025233,436.7211693890621
164.7615619160084,36.72474989654768,0.6270325128129602,167.74953925340725
233.87986732131978,58.570567913587354,1.7613630656043608,420.88991893017135
404.3944637079518,85.88988885991787,1.0769166139681523,301.623425480328
230.10288762005376,44.262871267942636,1.898832317628968,592.9429827173457
17.296871331463443,58.047695345760665,1.1116221575040983,23.788611409330798
81.44818717558616,72.51276828005255,1.9567263610524286,135.3176221624037
35.15677583044238,53.41335966535958,0.6745377277467438,27.63709274021755
306.7851219327187,95.07857265713237,1.4926665987074577,288.5457108355599
275.7810263409849,52.256620490660175,1.7504660157127585,553.0178820011141
407.5208313502846,68.94648160825771,1.060186917699058,375.05532566395067
178.09394405979046,53.053801376617564,1.5137343876561105,304.30566416030797
329.42175232448915,25.608651171300558,1.0928889731467366,842.7610149489748
413.8237727188857,23.353217337300602,1.128774313853182,1199.4274292981893
84.93362422749257,90.34641725427792,1.3355607699125527,75.3612043418629
366.01169349185477,96.6494407135547,0.8306690063681283,185.5920430643328
443.2047042925432,94.74432913339922,1.8746308167980994,528.9011950534288
202.20210595872757,80.19183058430303,1.296941027526398,199.07157604043385
339.04159754291896,54.27663230790364,1.5972446960647086,598.0387613298207
416.6319280715398,63.22372254322458,1.7669988636353364,699.1986059631845
216.2195514641663,50.3232388306428,1.8725910987758336,484.0574634856369
242.52626568219264,61.12763540410078,0.962702422234226,228.22702312904383
286.9480581088888,46.0168957020969,0.5589041213624785,212.12513841239604
173.55724310680208,73.68745256687808,1.7081450645689686,240.0089894726724
473.4313661014281,52.01698206797376,1.6749469744340715,914.8163512674407
330.0934848440122,75.04364456593031,0.6805813681836335,178.9470973674846
469.3263619530921,34.494662324006626,1.4341301048597617,1169.3164184714744
273.68281232233403,53.37547348516612,0.7403384014647594,225.7080161022775
86.29726480800329,53.451583053023974,1.6359244674132511,156.79048094528073
9.279647835666344,72.93749461151653,1.4036741629498817,10.265657649874173
82.34653779362822,38.70502664744513,0.5355616304667776,67.61844101257135
434.33635244952006,94.11710383649479,1.1294410742102154,311.717551441735
26.26061366226799,23.151346695425552,1.3609247991035156,91.90443308603481
292.0429437639658,20.904202927121798,1.6810579372239094,1408.9538970096594
153.9099785289824,23.220640240738568,1.38252833147473,550.5054064092947
272.5551325893474,42.019134482960666,1.5641582969509622,608.6016008500095
136.47450926881297,92.3394633126052,1.0620829557610647,92.92285895602085
213.63449773816316,86.5890831728796,1.708473208045013,253.05082767187028
112.9349608679096,38.086325680845015,1.7259579683198552,303.10148590723657
435.47353927326225,26.6819931744015,0.8166889138370561,798.5247320364697
376.4817004556607,24.103507918497247,1.238803071071434,1157.0953607625468
197.89158534414298,62.39524695441864,0.7420510375825746,139.85753996093447
286.4259432635128,84.4345863439989,1.6402413946852386,333.50580411343816
134.81900950471174,48.88597810728298,1.1126833721127238,183.77587535895498
340.1689111998393,24.534434573266832,0.5520090563390996,462.35054365628423
97.52423613528481,71.32035850050013,0.8897422069104493,71.27959183212337
443.1569682979447,91.65519554132932,0.9459308064219898,273.47878173701065
121.02526100489422,73.79070746333629,1.7390970268224284,168.28287119388148
336.8729733246973,85.94803577994796,1.0954882433112112,258.5892677014265
180.8767780656354,73.7016660183306,0.9059659129726485,132.01220482807136
41.533587768529664,99.40654363902107,0.734302261895899,19.61861631725352
289.32571807529126,89.28812363022678,0.934159282429232,183.85164270481562
234.37292502995365,69.55119754932015,1.1167857138042367,222.127851077867
282.5516765255835,88.04596224120928,0.8022925670094693,152.9110907819015
467.28208633796726,75.12701229985836,1.7349098190200452,650.3965216410819
9.083998272394137,85.47043398236282,0.5602082886280497,4.163269656779539
445.0667748050684,99.35701977909146,0.9411011932651667,254.2649609012876
127.26014411920636,89.24499065377628,0.6542638882362151,54.52891212063692
63.85164299329977,98.33212440804925,1.510758347405007,57.954147416264334
338.5653910107816,67.53934618468777,1.4047251801844205,424.2910169360988
341.58369730932304,66.02873385032788,1.143593553953999,356.8022279837375
113.90994257158991,75.38834449235313,0.8499992339739899,75.52796158882582
313.0397548072725,79.76626137032231,0.8280708333598088,197.1297826533902
23.45341379647676,78.7321007233317,1.0119779689250783,18.738290038308815
239.78565658984175,94.30876398764525,0.9979572571037683,151.60842018071773
41.717761282414344,40.68732729078272,0.5417783612316116,33.284799924898365
316.05628769807726,54.111868544129806,1.3222178040920332,462.27643934457774
332.2484129515098,97.22421789043199,0.5756251604033138,116.28597322621093
445.30177610677777,66.15049610489667,1.3458793501334356,542.0528991543583
45.84854901634417,68.07296045272689,1.0114378571533376,40.874461071626726
458.71676522226267,52.52724298875778,0.7149221880539616,372.6066000486823
263.2096833705907,75.8266228404136,1.8503961668031055,387.45945825127194
396.30340620603636,74.10888542981793,1.5194497735927155,487.2917076873865
1.5549350038975165,41.7563647518559,0.8268370694401159,2.3525790372773
331.2554579718851,70.69692798124233,1.3901920740570857,393.1606634822663
278.73263582257454,47.418474034232574,0.7018644006561616,245.04842837406753
48.11502993257999,86.52146664897788,1.877596313122337,61.12807562287097
201.6115812272321,78.31513600841258,1.669731326015102,258.4839301682338
59.99109252325321,20.002457507630595,1.5682055688209076,279.6054013595296
7.435837424973195,63.223952540919974,1.7767261031389725,11.02204830217782
478.85819149002134,65.25959604906313,1.2716919916098413,560.0792726722592
190.6095604037319,68.57082247068615,1.08308952181482,178.9594882321879
120.909262601733,27.59722201827012,0.9723776668833436,255.54850015337738
266.40401148600324,89.88948229897723,1.9933533507360317,355.0096377836097
291.77451022299607,84.99790568353373,0.9904115365050129,202.35324758766566
336.5811240741509,74.5753351404079,0.9728591519741763,260.1833137710243
67.47175214417771,70.59170051724068,0.6924887932831467,43.17706643646555
350.6051367008314,80.27776885276774,1.8092891323484968,475.5191371826867
250.47953699042944,78.4199351623657,1.4287591030487552,272.89514427042457
308.93586626989946,87.99674644025643,0.7943685750592484,163.85424322182462
63.64934515934007,97.0783957979462,0.6620668390646107,31.15437704962197
271.1458360328117,26.882572562635456,0.585540371005429,353.0719500459558
53.6362303030568,66.847014709809,1.3165173314514815,64.69499643014102
410.21368352576906,23.3263167877275,1.2471949153220636,1313.4399906558617
344.96589563924243,40.184954165574965,0.9616563579397237,496.99035089226334
405.1522857311468,66.65041752796668,1.5953325766358737,582.3368553670585
183.04641263369155,71.27724224790062,1.1992723866913355,185.9878834107466
278.6758540370622,48.68972655628731,1.867008785117946,639.3094793929215
11.4461247955399,45.26185209995968,0.5853220966664698,10.413605826261456
166.3447571494222,74.05303217656584,1.0939058392939247,149.4547645218137
378.3706419197947,56.334693018936484,1.1184195917474984,451.14638463795023
484.69158432980527,50.227137098174936,0.5930551454431723,341.4210962134978
170.31332838747414,60.474532345564675,0.7428845099483206,121.4004153550235
200.95137925039884,29.21169427161609,1.8249104021393356,751.8570201628921
207.99800210515463,50.98195291398731,1.4895354093957116,368.60926812651763
31.661698775262966,85.0978674977782,1.9107559293191039,41.096610708616204
